{
  "R63_Aw_CamS": {
    "intrinsic": [
      [
        3000.0,
        0.0,
        960.0,
        0.0
      ],
      [
        0.0,
        3000.0,
        540.0,
        0.0
      ],
      [
        0.0,
        0.0,
        1.0,
        0.0
      ]
    ],
    "lidar2image": [[-0.023300, -0.999720, 0.004128, -14.655787 ],
                    [-0.155246, -0.000461, -0.987876, -2.343670 ],
                    [0.987601, -0.023658, -0.155191, 49.717639  ],
                    [ 0.0,     0.0,       0.0,       1.0        ]]
  },
  "R63_Bn_CamW": {
    "intrinsic": [
      [
        2956.55207,
        0.0,
        910.87352,
        0.0
      ],
      [
        0.0,
        2934.03689,
        579.9378,
        0.0
      ],
      [
        0.0,
        0.0,
        1.0,
        0.0
      ]
    ],
    "lidar2image":[[-0.999046, -0.020394, -0.038611, -5.631753],
                   [0.034530, 0.172277, -0.984443, -2.965865],
                   [0.026728, -0.984837, -0.171409, 50.811961],
                   [ 0.0,     0.0,       0.0,       1.0       ]]
  },
  "R63_Ce_CamN": {
    "intrinsic": [
      [
        3000.0,
        0.0,
        960.0,
        0.0
      ],
      [
        0.0,
        3000.0,
        540.0,
        0.0
      ],
      [
        0.0,
        0.0,
        1.0,
        0.0
      ]
    ],
    "lidar2image": [[0.030368, 0.999536, -0.002449, -14.988451],
                    [0.174070, -0.007702, -0.984703, -1.871826],
                    [-0.984265, 0.029477, -0.174223, 49.637043],
                    [0.0,     0.0,       0.0,       1.0       ]]
  },
  "R63_Ds_CamE": {
    "intrinsic": [
      [
        3000,
        0.0,
        960,
        0.0
      ],
      [
        0.0,
        3000,
        540,
        0.0
      ],
      [
        0.0,
        0.0,
        1.0,
        0.0
      ]
    ],
    "lidar2image": [[0.997600, 0.067396, -0.015875, -2.809225  ],
                    [-0.004235, -0.169449, -0.985530, -2.502675],
                    [-0.069110, 0.983232, -0.168757, 48.573266 ],
                    [0.0,     0.0,       0.0,       1.0        ]]
  }
}